id,city,description
1,London,"A vibrant global hub known for its rich history, diverse culture, and iconic landmarks like Big Ben and the Tower of London."
2,New York,"The ""City That Never Sleeps"" offers world-class entertainment, towering skyscrapers, and an electric atmosphere."
3,Los Angeles,"Famous for its sunny weather, Hollywood, and beautiful beaches, L.A. is a hub of creativity and innovation."
4,Paris,"The ""City of Love"" enchants with its elegant architecture, art, fashion, and the allure of the Eiffel Tower."
5,Sydney,"Boasts stunning harbors, the Sydney Opera House, and a laid-back yet cosmopolitan lifestyle."
6,Singapore,"A futuristic city-state known for its cleanliness, efficient transport, and blend of cultures and cuisines."
7,Tokyo,"A dazzling mix of traditional temples and cutting-edge technology, Tokyo is always on the move."
8,Dubai,"Renowned for its luxury, modern architecture, and extravagant lifestyle, with awe-inspiring feats like the Burj Khalifa."
9,Lima,"A historic city with pre-Columbian roots, offering rich culture, vibrant nightlife, and world-renowned cuisine."
10,Nairobi,"The gateway to Africaâ€™s incredible wildlife, with bustling markets and modern skyscrapers against the backdrop of national parks."
